{"cameraMode":{"drawMode":0,"name":"Shaded","section":"Shading Mode"},"sceneLighting":false,"audioPlay":false,"sceneViewState":{"showFog":true,"showMaterialUpdate":false,"showSkybox":false,"showFlares":true,"showImageEffects":true,"showParticleSystems":true},"in2DMode":false,"pivot":{"x":4.840000152587891,"y":1.929999828338623,"z":0.7400000095367432},"rotation":{"x":0.14640571177005769,"y":0.031743865460157397,"z":-0.004701482132077217,"w":0.9887058138847351},"size":4.2307209968566898,"orthographic":false}