{"cameraMode":{"drawMode":0,"name":"Shaded","section":"Shading Mode"},"sceneLighting":false,"audioPlay":false,"sceneViewState":{"showFog":true,"showMaterialUpdate":false,"showSkybox":false,"showFlares":true,"showImageEffects":true,"showParticleSystems":true},"in2DMode":false,"pivot":{"x":-400.82635498046877,"y":41.732017517089847,"z":0.9320265054702759},"rotation":{"x":0.004509417340159416,"y":-0.0054052118211984638,"z":0.000023709697416052222,"w":0.9999895691871643},"size":6.863831043243408,"orthographic":false}