{"cameraMode":{"drawMode":0,"name":"Shaded","section":"Shading Mode"},"sceneLighting":false,"audioPlay":false,"sceneViewState":{"showFog":true,"showMaterialUpdate":false,"showSkybox":false,"showFlares":true,"showImageEffects":true,"showParticleSystems":true},"in2DMode":false,"pivot":{"x":-365.8726806640625,"y":26.34798812866211,"z":3.554931402206421},"rotation":{"x":-0.035939984023571017,"y":0.9636713862419128,"z":-0.17268165946006776,"w":-0.2005675733089447},"size":336.6528015136719,"orthographic":false}