{"cameraMode":{"drawMode":0,"name":"Shaded","section":"Shading Mode"},"sceneLighting":true,"audioPlay":false,"sceneViewState":{"showFog":true,"showMaterialUpdate":false,"showSkybox":true,"showFlares":true,"showImageEffects":true,"showParticleSystems":true},"in2DMode":false,"pivot":{"x":-328.4369812011719,"y":3.597689390182495,"z":2.612635612487793},"rotation":{"x":0.0632222518324852,"y":-0.037720222026109698,"z":0.002391227288171649,"w":0.9972863793373108},"size":41.85612106323242,"orthographic":false}