{"cameraMode":{"drawMode":0,"name":"Shaded","section":"Shading Mode"},"sceneLighting":false,"audioPlay":false,"sceneViewState":{"showFog":true,"showMaterialUpdate":false,"showSkybox":false,"showFlares":true,"showImageEffects":true,"showParticleSystems":true},"in2DMode":false,"pivot":{"x":-412.0079040527344,"y":42.18948745727539,"z":1.4175314903259278},"rotation":{"x":0.21997740864753724,"y":0.04299983009696007,"z":-0.00970541313290596,"w":0.9745145440101624},"size":8.214311599731446,"orthographic":false}