{"cameraMode":{"drawMode":0,"name":"Shaded","section":"Shading Mode"},"sceneLighting":true,"audioPlay":false,"sceneViewState":{"showFog":true,"showMaterialUpdate":false,"showSkybox":true,"showFlares":true,"showImageEffects":true,"showParticleSystems":true},"in2DMode":false,"pivot":{"x":-444.1446838378906,"y":47.17137145996094,"z":-68.15673065185547},"rotation":{"x":0.20835605263710023,"y":0.4101372957229614,"z":-0.09682027995586395,"w":0.8826103210449219},"size":55.87712478637695,"orthographic":true}