{"cameraMode":{"drawMode":0,"name":"Shaded","section":"Shading Mode"},"sceneLighting":false,"audioPlay":false,"sceneViewState":{"showFog":true,"showMaterialUpdate":false,"showSkybox":false,"showFlares":true,"showImageEffects":true,"showParticleSystems":true},"in2DMode":false,"pivot":{"x":12.809000015258789,"y":5.4205708503723148,"z":-3.6993722915649416},"rotation":{"x":-0.11087768524885178,"y":-0.05454430729150772,"z":0.006098784040659666,"w":-0.992336094379425},"size":0.5715771913528442,"orthographic":false}