{"cameraMode":{"drawMode":0,"name":"Shaded","section":"Shading Mode"},"sceneLighting":true,"audioPlay":false,"sceneViewState":{"showFog":true,"showMaterialUpdate":false,"showSkybox":true,"showFlares":true,"showImageEffects":true,"showParticleSystems":true},"in2DMode":false,"pivot":{"x":7.639277935028076,"y":-4.628664970397949,"z":32.93046569824219},"rotation":{"x":0.26944318413734438,"y":-0.3108343482017517,"z":0.09219816327095032,"w":0.9068068861961365},"size":9.694271087646485,"orthographic":true}